{
  "description": "项目私有配置文件。此文件中的内容将覆盖 project.config.json 中的相同字段。项目的改动优先同步到此文件中。详见文档：https://developers.weixin.qq.com/miniprogram/dev/devtools/projectconfig.html",
  "projectname": "2023%E6%9C%80%E6%96%B0%E5%8E%BB%E6%B0%B4%E5%8D%B0%E5%B0%8F%E7%A8%8B%E5%BA%8F%E6%BA%90%E7%A0%81%EF%BC%8C%E7%BA%AF%E5%89%8D%E7%AB%AF%E4%B8%8A%E7%BA%BF%EF%BC%8C%E6%97%A0%E9%9C%80%E5%90%8E%E5%8F%B0",
  "setting": {
    "compileHotReLoad": true,
    "urlCheck": false
  },
  "libVersion": "3.1.5"
}